MDT,MaxTemperatureF,MeanTemperatureF,MinTemperatureF,MaxDewPointF,MeanDewPointF,MinDewpointF,MaxHumidity,MeanHumidity,MinHumidity,MaxSeaLevelPressureIn,MeanSeaLevelPressureIn,MinSeaLevelPressureIn,MaxVisibilityMiles,MeanVisibilityMiles,MinVisibilityMiles,MaxWindSpeedMPH,MeanWindSpeedMPH,MaxGustSpeedMPH,PrecipitationIn,CloudCover,Events,WindDirDegrees_br__
2005-09-01,86,68,49,41,33,22,56,33,10,30.05,29.98,29.89,10,10,10,15,7,17,0,2,,184<br />
2005-09-02,91,73,55,47,38,25,61,36,10,30.15,29.98,29.9,10,10,10,23,9,28,0,3,,190<br />
2005-09-03,94,74,54,42,36,27,51,31,10,30.01,29.93,29.86,10,10,10,23,11,29,0,4,,180<br />
2005-09-04,90,76,61,44,40,35,43,30,17,29.94,29.87,29.83,10,10,10,16,9,21,0,4,,290<br />
2005-09-05,90,76,61,46,41,36,55,35,15,30.11,29.9,29.84,10,10,10,17,8,22,NaN,5,Thunderstorm,232<br />
2005-09-06,78,67,56,52,46,43,77,57,36,30.32,30.08,29.93,10,10,10,18,9,22,0,5,,298<br />
2005-09-07,90,72,54,53,47,33,83,49,14,30.26,30.04,29.93,10,10,10,21,9,23,0,4,,180<br />
2005-09-08,92,75,57,53,48,43,80,49,18,30.06,29.91,29.77,10,10,10,21,8,26,0,6,Thunderstorm,269<br />
2005-09-09,89,75,61,54,47,42,60,40,19,29.9,29.69,29.6,10,10,10,31,10,35,0.01,5,Rain,224<br />
2005-09-10,90,78,66,46,36,25,44,27,9,29.67,29.6,29.52,10,10,10,25,12,30,0,4,,201<br />
2005-09-11,90,74,58,36,30,22,37,23,9,29.78,29.7,29.64,10,10,10,20,10,24,0,3,,189<br />
2005-09-12,87,69,51,36,28,11,48,27,6,29.81,29.7,29.59,10,10,10,21,7,28,0,3,,82<br />
2005-09-13,70,57,44,44,30,23,71,45,19,30.06,29.95,29.84,10,10,10,25,10,29,NaN,4,Rain,83<br />
2005-09-14,75,61,46,44,39,34,86,56,26,30.06,29.96,29.84,10,10,10,35,16,44,0.01,4,Rain-Thunderstorm,201<br />
2005-09-15,79,62,45,39,28,18,71,41,11,30.15,30.01,29.93,10,10,10,22,11,28,0,1,,190<br />
2005-09-16,83,67,50,36,28,19,56,33,10,30,29.87,29.72,10,10,10,18,9,22,0,3,,192<br />
2005-09-17,87,66,44,28,19,11,39,22,5,29.92,29.75,29.64,10,10,10,21,9,31,0,1,,258<br />
2005-09-18,82,66,49,50,35,21,72,44,15,29.94,29.87,29.79,10,10,10,18,9,22,0,4,,25<br />
2005-09-19,83,66,48,52,40,23,93,53,12,30.33,30.13,29.95,10,7,0,16,7,18,0,3,Fog,118<br />
2005-09-20,91,71,50,41,28,13,59,33,6,30.18,30.09,30,10,10,10,15,8,22,0,4,,191<br />
2005-09-21,87,72,57,50,38,28,60,39,17,30.09,29.89,29.8,10,10,4,40,12,48,NaN,6,Rain,231<br />
2005-09-22,75,63,50,52,48,43,83,58,33,30.21,29.99,29.89,10,10,8,23,10,28,NaN,6,Rain,114<br />
2005-09-23,84,66,47,47,41,33,86,52,17,29.94,29.82,29.69,10,10,10,20,7,23,0,4,,199<br />
2005-09-24,71,61,51,52,46,37,89,68,47,29.84,29.76,29.7,10,10,10,14,6,17,0,5,,29<br />
2005-09-25,73,60,46,49,46,38,100,68,35,30.11,29.99,29.84,10,6,0,14,7,17,0,5,Fog,49<br />
2005-09-26,82,61,40,46,40,29,100,58,15,30.31,30.15,29.98,10,8,0,21,10,26,0,2,Fog,137<br />
2005-09-27,89,73,57,54,40,31,72,43,13,30.08,29.92,29.78,10,10,6,37,10,44,0.03,5,Rain-Thunderstorm,227<br />
2005-09-28,59,49,39,55,41,36,92,73,54,30.42,30.22,29.84,10,10,3,26,10,32,0.02,6,Rain,36<br />
2005-09-29,75,57,39,44,37,28,92,56,19,30.22,30.01,29.84,10,10,9,13,6,16,0,5,,205<br />
2005-09-30,84,66,48,40,31,21,63,37,10,29.83,29.77,29.69,10,10,7,16,8,26,0,3,,277<br />
2006-09-01,78,63,47,52,48,43,90,65,40,30.49,30.17,29.99,10,8,3,37,11,45,NaN,6,,53<br />
2006-09-02,60,53,45,46,43,42,93,73,53,30.43,30.31,30.2,10,10,10,13,7,14,0,7,,101<br />
2006-09-03,75,59,43,45,38,26,93,55,17,30.25,30.12,30.03,10,9,5,15,8,20,0,2,Fog,205<br />
2006-09-04,75,59,43,50,44,37,82,59,35,30.34,30.18,30.08,10,10,10,18,8,22,0,1,,13<br />
2006-09-05,82,67,51,51,44,33,83,51,18,30.35,30.14,30.05,10,10,10,14,8,18,0,2,,205<br />
2006-09-06,83,68,53,51,44,32,83,50,17,30.08,30,29.91,10,10,10,16,7,21,0,4,,218<br />
2006-09-07,82,68,53,52,44,37,83,52,20,30.11,29.93,29.82,10,10,8,35,10,44,0.11,6,Rain-Thunderstorm,197<br />
2006-09-08,64,57,50,51,48,46,89,73,56,30.1,29.93,29.86,10,10,8,18,7,21,0.01,7,Rain,226<br />
2006-09-09,73,62,50,52,50,44,93,66,38,30.07,29.95,29.81,10,6,2,24,6,28,0.01,7,Rain,308<br />
2006-09-10,72,59,45,59,49,44,100,69,38,30.16,30.03,29.92,10,8,0,31,7,37,0.47,6,Fog-Rain-Thunderstorm,119<br />
2006-09-11,72,60,48,54,50,45,100,74,47,30.33,30.18,30.02,10,4,0,26,9,30,0.04,6,Fog-Rain-Thunderstorm,282<br />
2006-09-12,76,62,47,49,43,35,93,58,23,30.31,30.14,30.04,10,9,2,13,6,17,0,2,,210<br />
2006-09-13,86,69,52,46,38,20,66,38,10,30.02,29.84,29.63,10,10,7,21,10,26,0,3,,185<br />
2006-09-14,86,70,53,44,41,35,66,42,17,29.77,29.57,29.41,10,10,7,41,12,53,NaN,5,Rain-Thunderstorm,196<br />
2006-09-15,81,67,52,45,38,30,71,45,18,29.66,29.48,29.38,10,10,10,25,12,36,0.01,4,Rain-Thunderstorm,219<br />
2006-09-16,69,58,46,46,35,18,93,58,23,29.87,29.64,29.41,10,9,0,45,19,54,0,3,,306<br />
2006-09-17,63,50,37,19,16,12,37,26,15,30,29.93,29.86,10,10,10,39,12,47,0,2,,267<br />
2006-09-18,64,48,32,29,24,19,56,39,21,30.13,30.03,29.96,10,10,10,16,8,21,0,3,,165<br />
2006-09-19,77,59,40,32,29,25,70,43,15,30.06,29.95,29.79,10,10,10,16,10,24,0,1,,168<br />
2006-09-20,78,62,46,44,31,22,71,42,12,29.79,29.65,29.51,10,10,10,21,10,26,NaN,4,,357<br />
2006-09-21,64,56,47,45,39,29,86,58,30,29.62,29.44,29.36,10,10,6,24,14,32,0.13,7,Rain,320<br />
2006-09-22,55,46,37,39,35,29,86,61,35,29.84,29.65,29.48,10,10,10,23,8,26,0.06,6,Rain,211<br />
2006-09-23,56,45,33,37,35,32,92,69,45,30.28,30.08,29.85,10,10,10,28,13,35,NaN,6,Rain,355<br />
2006-09-24,65,50,35,35,31,27,89,57,25,30.29,30.23,30.15,10,10,10,16,8,20,0,1,,184<br />
2006-09-25,68,55,41,35,30,24,73,47,20,30.26,30.18,30.11,10,10,10,15,7,17,0,0,,206<br />
2006-09-26,77,60,43,33,26,18,65,39,13,30.12,30.03,29.92,10,10,10,16,8,22,0,2,,199<br />
2006-09-27,70,55,39,38,32,27,70,48,26,30.25,30.11,30.02,10,10,10,26,8,31,0,4,,53<br />
2006-09-28,80,58,36,38,32,26,79,47,15,30.22,30.05,29.88,10,10,10,14,8,21,0,2,,188<br />
2006-09-29,82,64,46,32,28,24,49,31,13,29.96,29.89,29.8,10,10,10,17,9,21,0,4,,152<br />
2006-09-30,83,66,48,34,28,19,49,30,10,30.11,29.9,29.79,10,10,10,16,9,29,0,1,,204<br />
2007-09-01,86,73,60,51,49,45,69,47,25,30,29.94,29.89,10,10,10,16,7,21,0,5,,239<br />
2007-09-02,89,74,59,53,48,42,78,50,21,30.22,29.99,29.92,10,10,10,16,7,23,0,5,,234<br />
2007-09-03,91,73,55,51,46,34,72,43,14,30.16,29.95,29.85,10,10,10,26,9,32,0,5,Thunderstorm,224<br />
2007-09-04,90,75,59,48,46,42,60,41,21,29.85,29.76,29.62,10,10,10,16,8,26,0,4,,216<br />
2007-09-05,86,72,57,58,51,44,84,56,27,29.95,29.72,29.59,10,10,9,28,11,33,0.11,5,Rain-Thunderstorm,219<br />
2007-09-06,83,70,56,57,47,40,93,58,23,30.05,29.79,29.7,10,10,10,24,9,30,0,3,,342<br />
2007-09-07,81,65,48,45,43,41,80,53,26,30.08,29.96,29.86,10,10,10,25,12,36,0,3,,161<br />
2007-09-08,84,67,50,45,42,31,71,43,15,30.32,29.97,29.85,10,10,10,26,12,33,0,3,,116<br />
2007-09-09,73,59,45,48,44,41,89,65,41,30.29,30.11,29.96,10,10,10,32,12,39,0.01,6,,50<br />
2007-09-10,61,54,46,47,45,42,100,76,51,30.43,30.29,30.09,10,6,0,16,7,40,0.06,6,Fog-Rain,9<br />
2007-09-11,82,64,46,43,35,25,77,43,13,30.27,30.1,29.94,10,10,10,20,10,26,0,1,,189<br />
2007-09-12,86,70,53,38,32,25,54,33,11,30.11,29.86,29.76,10,10,10,17,9,22,0,1,,206<br />
2007-09-13,73,62,50,43,40,35,71,51,31,30.19,29.95,29.79,10,10,10,18,10,25,0,2,,75<br />
2007-09-14,73,59,44,47,42,38,82,59,35,30.19,30.09,30,10,10,10,21,10,28,NaN,5,Rain-Thunderstorm,203<br />
2007-09-15,88,69,50,43,40,34,74,45,16,30.1,29.97,29.87,10,10,10,17,7,23,0,4,,195<br />
2007-09-16,88,74,59,51,42,36,65,41,16,30.03,29.86,29.74,10,10,10,32,8,48,NaN,5,Rain-Thunderstorm,250<br />
2007-09-17,73,64,55,55,50,44,72,55,38,30.01,29.77,29.67,10,10,6,23,9,28,0.1,7,Rain-Thunderstorm,215<br />
2007-09-18,78,64,49,43,31,23,61,37,13,30.06,29.85,29.74,10,10,10,25,9,33,0,3,,239<br />
2007-09-19,84,65,46,49,35,29,71,43,15,30.02,29.88,29.75,10,10,10,25,9,31,0,1,,208<br />
2007-09-20,88,69,49,53,38,28,96,54,12,29.84,29.74,29.61,10,10,10,20,8,25,0,3,,232<br />
2007-09-21,86,69,51,41,33,25,47,29,11,30.05,29.82,29.65,10,10,10,26,13,36,0,3,,194<br />
2007-09-22,88,71,54,49,39,31,51,33,15,29.96,29.82,29.66,10,10,10,32,16,40,0,2,,182<br />
2007-09-23,82,67,51,52,46,42,83,54,24,29.79,29.62,29.53,10,10,10,26,13,33,0.09,6,,177<br />
2007-09-24,58,51,44,50,45,41,96,78,59,30.23,29.97,29.68,10,10,4,23,10,30,0.1,7,Rain,31<br />
2007-09-25,69,55,40,42,37,24,96,58,20,30.26,30.12,29.99,10,10,10,20,6,21,0,3,,164<br />
2007-09-26,74,58,42,38,27,16,76,44,12,30.03,29.99,29.94,10,10,10,12,5,14,0,1,,257<br />
2007-09-27,75,58,40,28,24,23,49,32,15,30.17,30.06,29.98,10,10,10,21,8,26,0,2,,164<br />
2007-09-28,82,66,50,42,33,24,45,30,15,29.95,29.77,29.62,10,10,10,30,17,39,0,6,,188<br />
2007-09-29,84,67,50,42,35,25,66,40,14,29.76,29.58,29.49,10,10,10,38,16,48,0,6,,200<br />
2007-09-30,68,56,43,41,34,23,82,54,26,30.17,29.98,29.59,10,10,9,24,10,32,0.07,4,Rain-Thunderstorm,133<br />
2008-09-01,86,70,54,58,50,41,93,60,27,29.87,29.61,29.46,10,10,4,38,12,44,0,5,,100<br />
2008-09-02,64,55,45,43,37,32,71,55,39,30.23,30.13,29.92,10,10,10,17,10,23,0,5,,108<br />
2008-09-03,76,62,48,46,41,34,68,51,33,30.19,30,29.82,10,10,10,23,12,29,0,3,,174<br />
2008-09-04,75,61,46,50,39,34,77,50,23,30.04,29.93,29.78,10,9,2,22,10,31,0.12,4,Rain-Thunderstorm,82<br />
2008-09-05,54,50,46,48,46,44,100,89,77,30.19,30.06,29.94,10,10,6,15,5,18,NaN,7,Rain,54<br />
2008-09-06,68,58,47,48,46,41,100,70,39,30.13,30.02,29.94,10,6,1,15,8,20,0,5,,351<br />
2008-09-07,80,63,45,53,45,39,93,59,25,30.19,29.96,29.81,10,10,10,33,11,40,NaN,5,,31<br />
2008-09-08,52,47,42,45,42,39,96,84,71,30.32,30.21,30.08,10,7,2,20,9,24,0.02,8,Rain,81<br />
2008-09-09,86,63,40,51,40,26,93,53,12,30.18,29.87,29.7,10,10,9,30,6,36,0,4,,212<br />
2008-09-10,81,65,48,45,41,34,66,43,19,29.89,29.7,29.65,10,10,10,25,7,32,0,4,,217<br />
2008-09-11,65,56,47,52,47,43,100,76,52,30.19,30.01,29.78,10,8,2,23,10,26,0.29,7,Rain,12<br />
2008-09-12,62,56,50,53,50,47,100,82,64,30.16,30,29.84,10,5,0,14,8,16,0.5,7,Rain,324<br />
2008-09-13,75,62,49,47,40,34,77,50,23,30.29,29.95,29.81,10,9,3,30,12,37,0.11,3,Rain,354<br />
2008-09-14,62,54,45,46,42,36,93,71,48,30.3,30.21,30.13,10,10,10,13,6,15,0,5,,82<br />
2008-09-15,74,60,46,47,41,33,86,55,23,30.3,30.23,30.17,10,10,10,15,7,17,0,1,,241<br />
2008-09-16,81,64,46,41,39,34,77,48,18,30.32,30.13,30.04,10,10,10,16,8,18,0,0,,182<br />
2008-09-17,82,67,52,45,41,36,64,43,21,30.07,30.01,29.94,10,10,10,17,9,21,0,2,,202<br />
2008-09-18,80,66,51,43,40,36,66,44,21,30.18,29.98,29.9,10,10,10,26,7,31,0,4,,246<br />
2008-09-19,77,64,51,43,41,36,68,48,27,30.18,30.03,29.98,10,10,10,18,8,23,0,3,,265<br />
2008-09-20,80,64,47,50,42,35,90,56,22,30.05,29.96,29.87,10,10,10,31,10,39,NaN,3,Rain,198<br />
2008-09-21,77,64,51,49,46,44,83,57,31,29.9,29.83,29.78,10,10,10,18,9,22,0,5,,191<br />
2008-09-22,87,69,50,47,41,31,77,45,13,30.01,29.79,29.67,10,10,10,28,14,35,0,4,Thunderstorm,212<br />
2008-09-23,78,59,43,41,35,30,74,44,19,30.21,30.07,29.91,10,10,10,21,11,26,0,3,,151<br />
2008-09-24,81,63,46,45,40,35,73,45,20,30.21,30.12,30.05,10,10,10,15,8,NaN,0,2,,215<br />
2008-09-25,86,67,50,43,34,20,71,36,9,30.08,30,29.91,10,10,10,13,9,NaN,0,0,,209<br />
2008-09-26,87,70,55,40,34,29,47,28,13,30.19,30.01,29.91,10,10,10,18,9,28,0,3,Thunderstorm,220<br />
2008-09-27,79,64,50,50,43,39,77,51,29,30.19,30.09,30.02,10,10,10,17,8,21,0,3,,211<br />
2008-09-28,86,70,55,41,35,28,59,34,13,30.19,30.06,29.99,10,10,10,15,11,22,0,3,,283<br />
2008-09-29,78,60,43,40,36,34,73,47,23,30.42,30.24,30.14,10,10,10,14,8,NaN,0,1,,61<br />
2008-09-30,80,62,46,41,35,29,77,44,17,30.24,30.17,30.11,10,10,10,12,7,NaN,0,0,,239<br />
2009-09-01,91,75,58,48,40,28,60,35,10,30.11,29.9,29.83,10,8,5,22,9,29,0,2,,216<br />
2009-09-02,89,74,58,48,43,36,60,38,16,30.06,29.98,29.89,10,10,10,23,8,29,NaN,3,,76<br />
2009-09-03,88,72,55,47,41,34,62,39,15,30.03,29.97,29.89,10,10,10,18,9,25,0,3,,125<br />
2009-09-04,88,70,52,53,44,35,89,53,16,30,29.95,29.89,10,10,7,14,7,21,0,4,,263<br />
2009-09-05,87,71,54,56,48,39,80,50,20,30.13,29.95,29.89,10,10,10,25,9,31,NaN,3,,185<br />
2009-09-06,84,69,54,56,50,43,86,58,30,30.13,29.92,29.88,10,9,7,23,9,25,0,5,,251<br />
2009-09-07,89,74,58,51,44,37,62,40,17,30.01,29.82,29.72,10,10,10,21,9,45,0,4,Thunderstorm,204<br />
2009-09-08,89,73,56,51,44,37,69,43,16,29.98,29.81,29.7,10,10,8,26,10,29,NaN,4,Rain-Thunderstorm,270<br />
2009-09-09,85,68,51,51,48,44,83,54,25,30.18,30.02,29.93,10,10,10,21,9,26,NaN,3,Thunderstorm,162<br />
2009-09-10,89,73,56,51,46,34,77,47,16,30.18,30,29.95,10,10,10,22,8,28,0,3,Thunderstorm,207<br />
2009-09-11,74,62,50,48,40,35,56,43,29,30.27,30.13,29.94,10,10,8,24,12,30,0,3,,55<br />
2009-09-12,59,53,47,46,42,36,93,68,43,30.21,30.13,30.06,10,9,4,17,6,26,0.13,8,Rain,1<br />
2009-09-13,81,64,46,55,49,46,100,68,36,30.12,29.99,29.8,10,5,0,23,8,31,0,5,Fog,180<br />
2009-09-14,84,66,48,51,48,42,93,59,24,29.93,29.88,29.83,10,10,10,18,8,23,0,3,,180<br />
2009-09-15,83,70,56,50,45,39,72,48,23,30.05,29.94,29.84,10,10,10,15,9,23,0,3,,146<br />
2009-09-16,76,65,53,52,48,44,89,62,35,30.22,30.14,30.04,10,8,4,14,6,21,0,5,,200<br />
2009-09-17,78,65,51,49,44,36,83,53,23,30.15,30.09,30.02,10,10,7,15,8,18,0,4,,186<br />
2009-09-18,79,63,47,44,40,34,71,46,20,30.1,30.06,30,10,10,9,17,8,23,0,3,,177<br />
2009-09-19,81,64,47,44,41,34,80,49,18,30.07,29.95,29.82,10,10,7,16,8,20,0,2,,184<br />
2009-09-20,85,67,49,41,37,29,63,39,15,29.99,29.79,29.68,10,10,9,33,11,40,NaN,4,Rain-Thunderstorm,237<br />
2009-09-21,54,46,38,46,38,30,92,73,53,30.32,30.19,29.85,10,9,3,31,15,39,0.12,7,Rain,3<br />
2009-09-22,51,46,40,39,34,28,89,65,41,30.36,30.3,30.22,10,10,6,32,12,38,0.11,7,Rain,331<br />
2009-09-23,46,43,40,42,38,34,100,83,65,30.33,30.28,30.2,10,8,2,25,8,37,0.31,8,Rain,317<br />
2009-09-24,62,51,39,44,40,37,96,69,42,30.24,30.14,30.04,10,10,9,18,7,23,NaN,6,Rain,286<br />
2009-09-25,64,55,46,45,42,39,86,65,43,30.17,30.06,29.99,10,10,4,21,8,25,0.07,6,Rain-Thunderstorm,284<br />
2009-09-26,85,66,47,41,32,25,77,45,12,30.06,29.93,29.75,10,10,10,18,10,22,0,0,,238<br />
2009-09-27,79,62,45,33,30,26,60,38,15,30.13,29.86,29.71,10,10,9,24,10,28,0,0,,112<br />
2009-09-28,71,54,36,39,34,28,89,60,31,30.3,30.1,29.96,10,10,10,20,9,24,0,0,,157<br />
2009-09-29,87,65,43,40,33,19,76,42,8,29.94,29.8,29.6,10,10,10,20,9,24,0,2,,214<br />
2009-09-30,83,65,46,37,31,22,35,24,12,29.62,29.48,29.28,10,10,10,36,19,45,0,3,,244<br />
2010-09-01,88,70,51,41,33,24,64,37,10,29.93,29.81,29.69,10,10,10,14,6,17,0,2,,192<br />
2010-09-02,71,59,47,48,36,28,72,49,25,30.32,30.1,29.77,10,10,10,24,10,31,0,2,,23<br />
2010-09-03,81,61,40,33,26,19,60,35,10,30.32,30.18,30.04,10,10,10,15,7,18,0,0,,203<br />
2010-09-04,93,74,54,34,28,22,40,24,8,30.02,29.83,29.68,10,10,10,20,8,25,0,1,,220<br />
2010-09-05,94,77,60,29,23,15,27,17,6,29.68,29.53,29.39,10,10,10,21,10,26,0,2,,223<br />
2010-09-06,76,62,47,39,19,-4,55,30,5,30.02,29.73,29.39,10,10,10,37,14,44,0,1,,45<br />
2010-09-07,86,66,45,42,26,9,39,25,10,30.06,29.94,29.82,10,10,10,28,14,35,0,2,,178<br />
2010-09-08,86,71,56,49,43,36,67,43,18,29.91,29.73,29.6,10,10,10,28,12,32,0,6,,209<br />
2010-09-09,91,72,53,47,34,18,67,38,9,29.67,29.54,29.41,10,10,10,28,13,35,0,2,,230<br />
2010-09-10,80,62,43,30,25,17,57,35,12,29.99,29.79,29.59,10,10,10,24,10,29,0,3,,84<br />
2010-09-11,83,63,42,28,17,-4,42,23,4,30.22,30.02,29.94,10,10,10,16,9,20,0,0,,185<br />
2010-09-12,84,65,46,29,18,8,42,24,6,30.07,30.01,29.97,10,10,10,14,8,17,0,4,,181<br />
2010-09-13,89,71,52,25,22,18,32,20,8,30.04,29.94,29.85,10,10,10,14,6,17,0,5,,214<br />
2010-09-14,91,72,52,46,31,22,57,33,9,29.99,29.86,29.75,10,10,10,18,9,23,0,3,Thunderstorm,183<br />
2010-09-15,84,68,51,48,38,26,83,49,14,30.04,29.89,29.75,10,10,10,21,9,26,0,3,,109<br />
2010-09-16,89,69,49,46,33,21,61,35,9,30.06,29.92,29.81,10,10,10,23,9,29,0,2,,185<br />
2010-09-17,87,69,51,48,36,26,62,37,11,29.99,29.88,29.79,10,10,10,16,7,21,0,2,,44<br />
2010-09-18,69,58,47,54,48,43,93,68,42,30.24,30.06,29.88,10,6,0,16,8,20,0.02,5,,54<br />
2010-09-19,96,69,41,45,32,4,89,46,3,30.04,29.87,29.65,10,10,6,24,10,31,0,0,,197<br />
2010-09-20,94,75,55,43,33,27,47,29,10,29.86,29.63,29.54,10,10,10,30,12,43,0.01,3,Rain-Thunderstorm,256<br />
2010-09-21,81,66,50,51,45,39,80,53,26,30.03,29.78,29.64,10,10,10,21,10,26,NaN,4,Rain-Thunderstorm,82<br />
2010-09-22,82,67,52,56,48,36,93,57,20,29.69,29.64,29.52,10,10,6,17,8,21,0.03,5,Rain,254<br />
2010-09-23,79,65,50,54,43,22,93,53,12,30.01,29.76,29.54,10,6,0,23,11,30,0,3,Fog,274<br />
2010-09-24,83,66,48,40,25,13,54,31,8,30.12,30.05,29.99,10,10,10,18,8,24,0,1,,215<br />
2010-09-25,79,61,43,33,27,22,38,26,13,30.25,30.16,30.06,10,10,10,15,7,18,0,1,,152<br />
2010-09-26,90,71,51,30,27,22,44,27,9,30.14,30.01,29.89,10,10,10,15,9,31,0,0,,226<br />
2010-09-27,84,68,52,33,30,26,35,25,14,30.05,29.98,29.88,10,10,10,28,11,35,0,2,,223<br />
2010-09-28,92,72,51,34,28,20,50,29,8,30.04,29.91,29.78,10,10,10,18,8,24,0,0,,209<br />
2010-09-29,82,67,51,37,31,20,50,31,12,30.09,29.91,29.74,10,10,10,30,14,36,0,0,,76<br />
2010-09-30,80,62,44,40,38,34,66,46,25,30.15,30.06,29.95,10,10,10,20,8,23,0,0,,189<br />
2011-09-01,96,82,68,41,37,29,34,22,9,30,29.74,29.66,10,10,10,18,10,24,0,5,,205<br />
2011-09-02,87,72,57,59,51,37,86,55,23,30.18,29.97,29.73,10,8,2,44,10,53,0.19,6,Rain-Thunderstorm,65<br />
2011-09-03,71,60,48,52,37,28,72,47,22,30.35,30.09,29.81,10,10,10,23,9,30,0,2,,18<br />
2011-09-04,79,60,41,40,37,35,76,49,21,30.24,30.15,30.04,10,10,10,22,9,28,0,1,,168<br />
2011-09-05,89,70,50,39,30,18,54,31,7,30.22,29.97,29.84,10,10,10,21,9,28,0,1,,185<br />
2011-09-06,76,67,57,54,40,28,86,54,22,30.32,30,29.82,10,10,10,25,9,31,0.08,6,Rain,284<br />
2011-09-07,61,57,52,53,49,45,93,74,55,30.48,30.29,30.15,10,10,7,15,5,18,0,8,,100<br />
2011-09-08,76,63,50,50,43,36,89,57,25,30.38,30.25,30.14,10,8,4,14,6,22,0,5,,159<br />
2011-09-09,78,64,50,45,39,34,71,46,21,30.26,30.12,30.02,10,10,10,14,8,20,0,3,,276<br />
2011-09-10,79,62,45,41,35,30,71,44,17,30.25,30.1,30.01,10,10,10,15,8,21,0,2,,168<br />
2011-09-11,84,69,53,35,29,20,43,27,10,30.08,29.98,29.9,10,10,10,16,9,22,0,2,,251<br />
2011-09-12,85,70,54,49,36,30,47,31,14,30.29,30.04,29.93,10,10,9,26,7,37,0.02,6,Rain-Thunderstorm,244<br />
2011-09-13,82,69,56,49,42,29,77,46,15,30.23,30.03,29.92,10,10,8,16,7,20,0,6,,280<br />
2011-09-14,60,54,48,52,48,43,89,69,48,30.29,30.16,29.98,10,6,2,15,6,18,NaN,7,Rain,76<br />
2011-09-15,64,56,48,49,47,44,93,77,60,30.22,30.04,29.9,10,9,3,23,10,23,0,6,Rain,180<br />
2011-09-16,77,60,43,47,42,31,100,60,20,30.05,29.93,29.79,10,5,0,16,6,20,0,3,Fog,217<br />
2011-09-17,76,63,49,50,43,36,72,49,25,30.06,29.9,29.75,10,10,5,23,6,28,0.02,4,Rain-Thunderstorm,243<br />
2011-09-18,76,60,43,41,34,28,76,47,18,30.19,30.08,29.97,10,10,10,13,5,17,0,3,,223<br />
2011-09-19,82,67,52,39,34,28,55,35,15,30.25,29.98,29.83,10,10,10,18,10,23,0,2,,250<br />
2011-09-20,64,54,44,39,32,28,70,51,32,30.26,30.07,29.86,10,10,10,29,7,35,0,4,,77<br />
2011-09-21,70,54,38,42,32,27,76,49,21,30.28,30.15,30.07,10,10,10,21,7,28,0.02,4,,146<br />
2011-09-22,78,60,41,39,28,12,82,46,9,30.27,30.14,30.03,10,10,10,14,7,18,0,3,,223<br />
2011-09-23,84,66,48,33,26,21,38,24,10,30.3,30.06,29.96,10,10,10,16,9,21,0,3,,260<br />
2011-09-24,86,72,57,37,31,27,44,28,12,30.15,29.92,29.83,10,10,7,18,9,25,0,4,,294<br />
2011-09-25,86,71,55,38,34,30,51,33,14,30.04,29.8,29.7,10,10,8,18,9,24,0,1,,223<br />
2011-09-26,89,73,57,38,27,17,47,27,7,30.13,29.85,29.71,10,10,9,21,11,28,0,2,,306<br />
2011-09-27,85,67,49,37,32,28,56,35,13,30.22,29.99,29.91,10,10,10,16,6,21,0,2,,226<br />
2011-09-28,89,73,57,36,28,21,40,25,9,30.14,29.91,29.85,10,10,10,16,10,21,0,2,,256<br />
2011-09-29,67,58,49,37,30,26,56,40,24,30.42,30.25,29.95,10,10,10,18,9,23,0,2,,49<br />
2011-09-30,82,63,44,36,30,23,58,36,13,30.26,30.12,29.97,10,10,10,15,7,17,0,1,,182<br />
2012-09-01,95,80,64,43,34,28,33,22,10,30.07,29.86,29.78,10,10,7,30,11,37,NaN,4,,227<br />
2012-09-02,92,78,63,56,45,35,67,41,15,30.19,29.92,29.82,10,10,5,24,8,31,0.04,6,Rain-Thunderstorm,115<br />
2012-09-03,90,76,61,53,40,27,72,42,11,30.16,29.94,29.88,10,10,10,28,11,32,NaN,5,Rain,273<br />
2012-09-04,92,78,63,43,28,12,44,25,6,30.1,29.87,29.78,10,10,10,22,11,28,0,2,,259<br />
2012-09-05,86,71,56,28,23,18,25,17,8,30.09,29.94,29.84,10,10,10,22,12,25,0,1,,154<br />
2012-09-06,91,75,59,31,21,10,32,19,5,30.11,29.85,29.75,10,10,10,23,10,29,0,4,,260<br />
2012-09-07,70,61,52,41,38,30,64,44,24,30.33,30.13,29.85,10,10,10,25,8,31,NaN,5,Rain-Thunderstorm,27<br />
2012-09-08,79,63,47,42,33,18,71,41,10,30.28,30.2,30.1,10,10,10,13,6,20,0,0,,201<br />
2012-09-09,89,68,47,32,23,9,39,22,5,30.13,30,29.83,10,10,10,28,12,32,0,0,,191<br />
2012-09-10,92,77,61,28,22,18,21,14,7,29.87,29.78,29.69,10,10,10,22,10,26,0,3,,207<br />
2012-09-11,90,77,64,55,37,22,30,22,13,29.94,29.76,29.68,10,10,10,17,7,23,NaN,6,Rain,268<br />
2012-09-12,60,54,48,55,47,45,89,80,71,30.41,30.17,29.88,10,8,2,18,8,21,0.95,8,Rain,97<br />
2012-09-13,69,60,50,47,42,33,86,57,27,30.46,30.36,30.29,10,10,5,12,6,15,0,5,,86<br />
2012-09-14,77,63,49,40,33,21,63,38,13,30.35,30.26,30.14,10,10,10,13,9,17,0,0,,179<br />
2012-09-15,87,69,50,38,27,11,59,33,6,30.31,30.03,29.92,10,10,10,17,10,22,0,3,,195<br />
2012-09-16,86,71,55,31,22,9,35,20,5,30.13,29.88,29.8,10,10,10,21,11,26,0,5,,250<br />
2012-09-17,65,56,47,39,37,33,66,50,34,30.12,30.05,29.96,10,10,10,15,7,20,0,5,,90<br />
2012-09-18,78,63,48,39,31,24,66,40,14,30.19,30.01,29.93,10,10,10,16,9,18,0,0,,194<br />
2012-09-19,82,67,51,32,27,21,38,25,11,30.17,29.98,29.91,10,10,8,21,10,25,0,3,,171<br />
2012-09-20,82,65,48,31,27,22,46,29,11,30.18,29.98,29.93,10,10,10,20,11,23,0,3,,170<br />
2012-09-21,79,63,47,35,29,25,61,37,13,30.09,30.02,29.95,10,10,9,13,6,16,0,2,,215<br />
2012-09-22,81,63,45,35,32,29,58,37,16,30.32,30.09,29.99,10,10,7,21,10,25,0,1,,178<br />
2012-09-23,88,69,50,34,27,14,50,29,7,30.04,29.96,29.88,10,10,10,26,9,33,0,5,,226<br />
2012-09-24,80,69,57,42,35,28,51,34,17,30.02,29.85,29.77,10,10,10,20,10,24,NaN,6,,248<br />
2012-09-25,73,62,51,50,43,39,83,57,31,30.1,29.89,29.8,10,9,4,28,10,32,0.54,6,Rain-Thunderstorm,297<br />
2012-09-26,67,58,49,52,48,44,89,69,48,30.21,30.05,29.91,10,8,3,20,8,22,1.41,7,Rain-Thunderstorm,86<br />
2012-09-27,66,56,46,50,46,43,89,69,48,30.24,30.09,30.03,10,10,6,21,6,26,NaN,6,Rain-Thunderstorm,227<br />
2012-09-28,71,58,45,48,43,39,89,61,33,30.22,30.08,30.01,10,10,8,12,6,23,0,2,,175<br />
2012-09-29,76,63,50,46,41,32,80,51,21,30.06,29.99,29.92,10,10,10,14,6,18,0,2,,215<br />
2012-09-30,75,63,50,45,38,33,71,47,23,30.2,30.01,29.96,10,10,10,24,11,30,0,4,,308<br />
2013-09-01,80,72,63,58,55,52,72,59,45,30.28,30.01,29.92,10,10,10,24,9,30,0,6,,111<br />
2013-09-02,92,76,60,56,52,42,78,49,19,29.98,29.9,29.82,10,10,10,17,7,24,0,3,,195<br />
2013-09-03,94,81,68,53,49,45,57,38,19,29.93,29.88,29.83,10,10,10,16,9,22,0,4,,227<br />
2013-09-04,93,81,69,57,53,49,57,40,23,30.21,29.98,29.9,10,10,9,36,7,43,NaN,5,Rain-Thunderstorm,233<br />
2013-09-05,97,80,62,57,50,40,78,47,15,30.18,29.98,29.89,10,10,10,18,6,22,0,4,Rain-Thunderstorm,206<br />
2013-09-06,97,79,61,51,46,38,52,33,13,30.1,29.92,29.82,10,10,10,24,8,32,NaN,3,,288<br />
2013-09-07,95,76,57,50,43,33,72,42,12,29.95,29.88,29.8,10,10,10,18,9,24,0,2,,176<br />
2013-09-08,93,75,56,54,45,38,56,36,15,29.95,29.77,29.65,10,10,10,21,8,25,NaN,3,Rain,254<br />
2013-09-09,85,72,59,59,53,47,90,60,29,30.13,29.82,29.67,10,10,10,29,9,41,0.21,5,Rain-Thunderstorm,352<br />
2013-09-10,71,65,58,61,58,55,97,82,66,30.26,30.08,29.88,10,8,1,20,6,24,0.45,8,Rain-Thunderstorm,5<br />
2013-09-11,72,66,60,61,59,57,97,82,66,30.27,30.13,30.02,10,7,1,22,11,25,0.11,8,Rain-Thunderstorm,82<br />
2013-09-12,64,62,59,62,60,57,100,94,87,30.32,30.18,30.06,10,6,0,24,13,32,1.11,8,Fog-Rain-Thunderstorm,86<br />
2013-09-13,76,68,59,61,59,57,100,77,54,30.22,29.96,29.75,10,7,0,24,10,31,0.38,7,Fog-Rain,151<br />
2013-09-14,79,69,58,61,57,54,97,71,45,30.01,29.87,29.71,10,6,0,31,8,38,2.01,7,Fog-Rain-Thunderstorm,267<br />
2013-09-15,61,58,54,57,55,52,100,92,84,30.32,30.16,29.88,10,6,1,16,9,25,0.38,8,Rain,51<br />
2013-09-16,76,65,53,58,54,52,100,77,53,30.29,30.07,29.91,10,8,0,16,8,25,NaN,5,Fog,147<br />
2013-09-17,82,70,58,53,48,39,78,51,23,29.92,29.79,29.65,10,10,10,22,11,26,0,2,,195<br />
2013-09-18,84,72,60,53,46,41,65,45,24,29.91,29.7,29.6,10,10,10,38,11,47,NaN,4,Rain-Thunderstorm,246<br />
2013-09-19,66,58,49,47,43,39,86,65,43,30.18,29.96,29.72,10,10,10,18,7,23,NaN,4,Rain,27<br />
2013-09-20,73,60,47,50,45,40,86,59,31,30.2,30.03,29.9,10,9,0,16,6,20,0,3,,213<br />
2013-09-21,81,66,50,48,43,36,89,55,21,29.91,29.77,29.62,10,10,10,20,8,25,0,1,,173<br />
2013-09-22,80,68,55,54,46,42,93,61,28,29.69,29.55,29.43,10,9,2,45,12,64,0.18,6,Rain-Thunderstorm,228<br />
2013-09-23,66,58,50,54,43,34,100,66,31,29.94,29.65,29.35,10,8,1,38,15,51,0.64,6,Rain,309<br />
2013-09-24,73,57,41,43,37,32,76,52,27,30.03,29.9,29.7,10,10,10,21,13,33,0,1,,164<br />
2013-09-25,82,64,45,45,37,31,76,46,16,29.68,29.49,29.31,10,10,10,32,15,40,0,1,,194<br />
2013-09-26,68,57,45,49,44,36,77,58,39,29.67,29.59,29.37,10,10,10,26,8,33,0,1,,23<br />
2013-09-27,53,46,39,50,45,37,100,89,77,29.98,29.78,29.6,10,5,0,20,11,24,0.14,7,Fog-Rain,26<br />
2013-09-28,68,53,38,38,31,24,86,55,24,30.09,30.03,29.97,10,10,10,20,8,24,0,1,,192<br />
2013-09-29,76,59,41,39,32,26,67,43,19,30.03,29.87,29.77,10,10,10,20,7,24,0,5,,201<br />
2013-09-30,82,67,51,48,38,31,63,43,22,29.78,29.7,29.61,10,10,10,17,7,22,0,4,,182<br />
2014-09-01,80,65,50,49,44,37,83,53,23,30.07,29.88,29.79,10,10,10,17,7,28,0,2,,128<br />
2014-09-02,88,67,46,54,46,36,80,48,16,29.99,29.87,29.75,10,10,10,17,8,21,0,1,,201<br />
2014-09-03,94,77,60,54,43,34,67,40,13,29.73,29.64,29.56,10,10,10,17,10,23,0,2,,209<br />
2014-09-04,72,63,53,54,46,36,89,60,30,30.12,29.88,29.59,10,9,5,16,8,18,0.24,5,Rain,48<br />
2014-09-05,65,58,50,52,49,47,96,78,60,30.33,30.21,30.12,10,10,6,25,12,30,0.19,7,Rain,86<br />
2014-09-06,74,62,49,53,51,47,100,72,44,30.38,30.21,30.08,10,8,2,15,6,18,0,4,,198<br />
2014-09-07,83,68,53,51,47,42,86,56,26,30.1,29.95,29.84,10,10,8,21,10,25,0,3,,217<br />
2014-09-08,85,72,59,51,46,43,62,43,24,30.05,29.82,29.73,10,10,10,21,10,27,0,5,,240<br />
2014-09-09,76,66,56,55,52,49,84,64,43,29.94,29.72,29.64,10,10,10,33,9,40,0.01,7,Rain,299<br />
2014-09-10,74,62,50,52,49,44,93,64,35,30.16,29.96,29.82,10,9,4,22,10,27,0.13,6,Rain,98<br />
2014-09-11,59,47,34,50,44,37,100,81,62,30.46,30.19,29.91,10,1,0,22,14,26,0.08,8,Fog-Rain-Snow,26<br />
2014-09-12,48,41,33,38,34,31,100,81,61,30.51,30.42,30.24,10,9,2,18,8,22,NaN,7,Snow,89<br />
2014-09-13,79,57,35,43,37,33,92,56,20,30.22,30.05,29.96,10,10,9,21,8,23,0,1,Fog,214<br />
2014-09-14,86,66,46,43,37,30,76,45,14,30.07,29.92,29.83,10,10,10,22,10,29,0,4,,237<br />
2014-09-15,73,60,46,52,47,43,93,69,45,30.35,30.14,29.97,10,10,8,15,7,18,0,2,,5<br />
2014-09-16,88,70,52,48,40,31,83,49,14,30.11,29.96,29.86,10,10,10,18,10,26,0,1,,211<br />
2014-09-17,89,72,55,43,39,31,55,34,12,30.09,29.86,29.76,10,10,10,25,8,31,0,4,,226<br />
2014-09-18,90,74,58,44,39,33,55,35,14,30.06,29.78,29.69,10,10,10,23,11,28,0,1,,204<br />
2014-09-19,88,75,62,49,41,32,60,39,18,30.03,29.77,29.68,10,10,10,21,11,26,NaN,2,Rain,155<br />
2014-09-20,80,66,52,52,48,44,77,54,30,30.24,30.03,29.86,10,10,10,16,7,20,0,2,,87<br />
2014-09-21,75,66,57,56,49,43,84,64,43,30.27,30.14,30.07,10,10,8,20,9,24,0.03,7,Rain,241<br />
2014-09-22,80,66,52,56,49,44,72,52,32,30.26,30,29.88,10,10,6,23,11,29,0.09,5,Rain-Thunderstorm,195<br />
2014-09-23,83,69,54,51,45,39,83,53,23,30.13,29.95,29.89,10,10,10,21,10,26,0,5,,219<br />
2014-09-24,84,70,56,44,42,38,66,43,20,30.1,30.04,29.99,10,10,10,15,8,24,0,1,,184<br />
2014-09-25,88,72,56,47,42,38,66,42,17,30.06,29.97,29.88,10,10,10,20,11,25,0,0,,176<br />
2014-09-26,89,72,55,45,41,31,61,39,17,30.1,29.84,29.76,10,10,10,20,10,22,0,1,,166<br />
2014-09-27,87,70,52,43,36,26,59,35,11,30,29.76,29.69,10,10,10,16,9,21,0,1,,176<br />
2014-09-28,75,63,50,58,50,39,86,62,38,30.06,29.89,29.76,10,10,6,28,9,36,0.01,4,Rain-Thunderstorm,289<br />
2014-09-29,68,57,46,53,49,44,89,71,52,30.07,29.86,29.66,10,8,2,32,10,38,1.01,7,Rain-Thunderstorm,331<br />
2014-09-30,67,54,41,51,39,30,93,61,28,29.9,29.73,29.67,10,10,5,24,11,29,0,5,Rain-Thunderstorm,280<br />
